{"DefaultTint":{"r":0.6000000238418579,"g":0.6000000238418579,"b":0.699999988079071,"a":0.699999988079071},"FoldersData":{"Keys":["5a4e2bf6dc76bc24d9aa22d89643d3fa","e5ac8f9d600f1a44c87baf98d64183f7","cd6502092eb9c964e87ee254f9c50c9a"],"Values":[{"_guid":"5a4e2bf6dc76bc24d9aa22d89643d3fa","_color":{"r":0.24000000953674317,"g":0.38269299268722536,"b":0.800000011920929,"a":0.699999988079071},"_recursive":true},{"_guid":"e5ac8f9d600f1a44c87baf98d64183f7","_color":{"r":0.800000011920929,"g":0.5742950439453125,"b":0.2392156571149826,"a":0.699999988079071},"_recursive":true},{"_guid":"cd6502092eb9c964e87ee254f9c50c9a","_color":{"r":0.11399722099304199,"g":1.0,"b":0.0,"a":0.699999988079071},"_recursive":true}]}}